from	to	interaction
ho.IAA	ho.oxIAA	act
ho.IAA	ho.IAA.Asp	act
ho.IAA.Asp	ho.oxIAA	act
ho.ABA	ho.PA	act
ho.PA	ho.DPA	act
ho.cisOPDA	ho.JA	act
ho.JA	ho.JA.Ile	act
ho.JA	ho.X9.10.dhJA	act
ho.JA	ho.X12.OH.JA	act
ho.ABA	pr.PP2C	inh
ho.JA	pr.CHA	act
ho.SA	qP.PR1b	act
ho.SA	qP.RbohA	act
me.Phe	ho.SA	act
me.Glukose	me.Starch	act
me.Glukose	me.Sucrose	act
me.Fructose	me.Sucrose	act
me.Glukose	me.Glu	act
me.Glukose	me.Asn	act
me.Asn	me.Asp	act
me.Asp	me.Lys	act
me.Asp	me.Thr	act
me.Asp	me.Met	act
me.Glu	me.Gln	act
me.Gln	me.His	act
me.Glu	me.Arg	act
me.Glukose	ph.FW_SH_Total	act
me.Starch	ph.DW_SH_Total	act
me.Glukose	ph.TOP.AREA	act
me.Glukose	ph.COMPACTNESS	act
me.Glukose	pr.DHQS	act
me.Glukose	pr.ISPH	act
me.Glukose	pr.HQT	act
me.Glukose	pr.F3H	act
me.Glukose	pr.F14P22.200	act
me.Glukose	pr.POP2	act
me.Sucrose	qP.SWEET	act
me.Glu	qP.P5CS	act
me.Met	qP.ACO2	act
me.Glukose	qP.X13.LOX	act
ph.Fv.Fm	me.Glukose	act
ph.qL	ph.Fv.Fm	act
ph.deltaT	me.Glukose	inh
ph.WATER.CONSUMPTION	me.Glukose	act
ph.WATER.CONSUMPTION	qP.HSP70	act
pr.ISPH	ho.ABA	act
pr.HQT	ho.ABA	act
pr.LOX2	ho.cisOPDA	act
pr.DPE2	me.Starch	inh
pr.DHQS	me.Tyr	act
pr.DHQS	me.Phe	act
pr.F14P22.200	me.Leu	act
pr.F14P22.200	me.Val	act
pr.F14P22.200	me.Ile	act
pr.PPD1	ph.qL	act
pr.PNSL2	ph.qL	act
pr.LHCA3	ph.qL	act
pr.ndhI	ph.qL	act
pr.RPE	ph.qL	act
pr.GLU1	ph.TOP.AREA	act
pr.PP2C	qP.SnRK2	inh
pr.CSD2	qP.CAT1	act
pr.MSD1	qP.CAT1	act
pr.DHQS	me.Trp	act
pr.POP2	ho.GABA	act
pr.ALDH10A8	bio.betaine	act
qP.P5CS	me.Pro	act
qP.X13.LOX	pr.LOX2	act
qP.HSP70	pr.DNAJ2	act
qP.HSP70	pr.CLPB4	act
qP.HSP70	pr.HSP101	act
qP.HSP70	pr.CLCdnDe7_34340	act
qP.HSP70	pr.HSP90-1	act
qP.HSP70	pr.HSP	act
qP.HSP70	pr.HSP70-7	act
qP.HSP70	pr.MED37E	act
qP.HSP70	pr.CCT2	act
qP.RbohA	pr.CSD2	act
qP.RbohA	pr.MSD1	act
qP.CO	qP.SP6A	inh
qP.SP6A	qP.SWEET	inh
qP.CAT1	qP.RbohA	inh
qP.SnRK2	qP.RD29B	act
qP.ACO2	qP.ERF1	act
me.Trp	ho.IAA	act
bio.Ca2+	qP.M0ZJG3	act
bio.Ca2+	qP.RbohA	act
bio.Ca2+	pr.ACA11	act
qP.SnRK2	pr.ALDH10A8	act
me.Ser	me.Gly	act
me.Glukose	me.Ser	act
me.Glukose	me.Ala	act
pr.GLU1	me.Gln	act
pr.DSP4	pr.DPE2	act
